<?xml version="1.0" encoding="UTF-8"?>
<!DOCTYPE mapper PUBLIC "-//mybatis.org//DTD Mapper 3.0//EN" "http://mybatis.org/dtd/mybatis-3-mapper.dtd">
<mapper namespace="com.jsh.erp.datasource.mappers.AccountHeadMapperEx">

    <resultMap extends="com.jsh.erp.datasource.mappers.AccountHeadMapper.BaseResultMap" id="ResultMapEx" type="com.jsh.erp.datasource.entities.AccountHeadVo4ListEx">
        <result column="OrganName" jdbcType="VARCHAR" property="organName" />
        <result column="HandsPersonName" jdbcType="VARCHAR" property="handsPersonName" />
        <result column="userName" jdbcType="VARCHAR" property="userName" />
        <result column="AccountName" jdbcType="VARCHAR" property="accountName" />
    </resultMap>

    <select id="selectByConditionAccountHead" parameterType="com.jsh.erp.datasource.entities.AccountHeadExample" resultMap="ResultMapEx">
        select ah.*, s.supplier OrganName, p.Name HandsPersonName, u.username userName, a.Name AccountName
        from jsh_account_head ah
        left join jsh_supplier s on ah.organ_id=s.id and ifnull(s.delete_Flag,'0') !='1'
        left join jsh_user u on ah.creator=u.id and ifnull(u.Status,'0') ='0'
        left join jsh_person p on ah.hands_person_id=p.id and ifnull(p.delete_Flag,'0') !='1'
        left join jsh_account a on ah.account_id=a.id and ifnull(a.delete_Flag,'0') !='1'
        where 1=1
        <if test="billNo != null">
            <bind name="bindBillNo" value="'%'+billNo+'%'"/>
            and ah.bill_no like #{bindBillNo}
        </if>
        <if test="type != null">
            and ah.type=#{type}
        </if>
        <if test="beginTime != null">
            and ah.bill_time &gt;= #{beginTime}
        </if>
        <if test="endTime != null">
            and ah.bill_time &lt;= #{endTime}
        </if>
        <if test="creatorArray != null">
            and ah.creator in (
            <foreach collection="creatorArray" item="creator" separator=",">
                #{creator}
            </foreach>
            )
        </if>
        and ifnull(ah.delete_flag,'0') !='1'
        order by ah.id desc
        <if test="offset != null and rows != null">
            limit #{offset},#{rows}
        </if>
    </select>


    <select id="countsByAccountHead" resultType="java.lang.Long">
        SELECT
        COUNT(id)
        FROM jsh_account_head
        WHERE 1=1
        <if test="billNo != null">
            <bind name="bindBillNo" value="'%'+billNo+'%'"/>
            and bill_no like #{bindBillNo}
        </if>
        <if test="type != null">
            and type=#{type}
        </if>
        <if test="beginTime != null">
            and bill_time &gt;= #{beginTime}
        </if>
        <if test="endTime != null">
            and bill_time &lt;= #{endTime}
        </if>
        <if test="creatorArray != null">
            and creator in (
            <foreach collection="creatorArray" item="creator" separator=",">
                #{creator}
            </foreach>
            )
        </if>
        and ifnull(delete_flag,'0') !='1'
    </select>

    <select id="findAllMoney" resultType="java.math.BigDecimal">
        select sum(${modeName}) as allMoney from jsh_account_head
        where type=#{type}
        and organ_id =#{supplierId} and bill_time &lt;= #{endTime}
        and ifnull(delete_flag,'0') !='1'
    </select>

    <select id="getDetailByNumber" parameterType="com.jsh.erp.datasource.entities.AccountHeadExample" resultMap="ResultMapEx">
        select ah.*, s.supplier OrganName, p.Name HandsPersonName, a.Name AccountName
        from jsh_account_head ah
        left join jsh_supplier s on ah.organ_id=s.id and ifnull(s.delete_Flag,'0') !='1'
        left join jsh_person p on ah.hands_person_id=p.id and ifnull(p.delete_Flag,'0') !='1'
        left join jsh_account a on ah.account_id=a.id and ifnull(a.delete_Flag,'0') !='1'
        where 1=1
        <if test="billNo != null">
            and ah.bill_no = #{billNo}
        </if>
        and ifnull(ah.delete_flag,'0') !='1'
    </select>
    <update id="batchDeleteAccountHeadByIds">
        update jsh_account_head
        set delete_flag='1'
        where 1=1
        and id in (
        <foreach collection="ids" item="id" separator=",">
            #{id}
        </foreach>
        )
    </update>
    <select id="getAccountHeadListByAccountIds"  resultMap="com.jsh.erp.datasource.mappers.AccountHeadMapper.BaseResultMap">
        select
        <include refid="com.jsh.erp.datasource.mappers.AccountHeadMapper.Base_Column_List" />
        from jsh_account_head
        where 1=1
        and account_id in (
        <foreach collection="accountIds" item="accountId" separator=",">
            #{accountId}
        </foreach>
        )
        and ifnull(delete_flag,'0') !='1'
    </select>
    <select id="getAccountHeadListByOrganIds"  resultMap="com.jsh.erp.datasource.mappers.AccountHeadMapper.BaseResultMap">
        select
        <include refid="com.jsh.erp.datasource.mappers.AccountHeadMapper.Base_Column_List" />
        from jsh_account_head
        where 1=1
        and organ_id in (
        <foreach collection="organIds" item="organId" separator=",">
            #{organId}
        </foreach>
        )
        and ifnull(delete_flag,'0') !='1'
    </select>
    <select id="getAccountHeadListByHandsPersonIds"  resultMap="com.jsh.erp.datasource.mappers.AccountHeadMapper.BaseResultMap">
        select
        <include refid="com.jsh.erp.datasource.mappers.AccountHeadMapper.Base_Column_List" />
        from jsh_account_head
        where 1=1
        and hands_person_id in (
        <foreach collection="handsPersonIds" item="handsPersonId" separator=",">
            #{handsPersonId}
        </foreach>
        )
        and ifnull(delete_flag,'0') !='1'
    </select>
</mapper>