<?xml version="1.0" encoding="UTF-8"?>
<!DOCTYPE mapper PUBLIC "-//mybatis.org//DTD Mapper 3.0//EN" "http://mybatis.org/dtd/mybatis-3-mapper.dtd">
<mapper namespace="com.jsh.erp.datasource.mappers.FunctionMapperEx">
    <select id="selectByConditionFunction" parameterType="com.jsh.erp.datasource.entities.FunctionExample" resultMap="com.jsh.erp.datasource.mappers.FunctionMapper.BaseResultMap">
        select *
        FROM jsh_function
        where 1=1
        <if test="name != null">
            <bind name="bindName" value="'%'+name+'%'"/>
            and name like #{bindName}
        </if>
        <if test="type != null">
            and type=#{type}
        </if>
        and ifnull(delete_flag,'0') !='1'
        order by sort asc
        <if test="offset != null and rows != null">
            limit #{offset},#{rows}
        </if>
    </select>
    <select id="countsByFunction" resultType="java.lang.Long">
        SELECT
        COUNT(id)
        FROM jsh_function
        WHERE 1=1
        <if test="name != null">
            <bind name="bindName" value="'%'+name+'%'"/>
            and name like #{bindName}
        </if>
        <if test="type != null">
            and type=#{type}
        </if>
        and ifnull(delete_flag,'0') !='1'
    </select>
    <update id="batchDeleteFunctionByIds">
        update jsh_function
        set delete_flag='1'
        where 1=1
        and id in (
        <foreach collection="ids" item="id" separator=",">
            #{id}
        </foreach>
        )
    </update>
</mapper>