<?xml version="1.0" encoding="UTF-8"?>
<!DOCTYPE mapper PUBLIC "-//mybatis.org//DTD Mapper 3.0//EN" "http://mybatis.org/dtd/mybatis-3-mapper.dtd">
<mapper namespace="com.jsh.erp.datasource.mappers.MaterialPropertyMapperEx">
    <select id="selectByConditionMaterialProperty" parameterType="com.jsh.erp.datasource.entities.MaterialPropertyExample" resultMap="com.jsh.erp.datasource.mappers.MaterialPropertyMapper.BaseResultMap">
        select *
        FROM jsh_material_property
        where 1=1
        <if test="name != null">
            <bind name="bindName" value="'%'+name+'%'"/>
            and native_name like #{bindName}
        </if>
        and ifnull(delete_flag,'0') !='1'
        <if test="offset != null and rows != null">
            limit #{offset},#{rows}
        </if>
    </select>
    <select id="countsByMaterialProperty" resultType="java.lang.Long">
        SELECT
        COUNT(id)
        FROM jsh_material_property
        WHERE 1=1
        <if test="name != null">
            <bind name="bindName" value="'%'+name+'%'"/>
            and native_name like #{bindName}
        </if>
        and ifnull(delete_flag,'0') !='1'
    </select>
    <update id="batchDeleteMaterialPropertyByIds">
        update jsh_material_property
        set delete_flag='1'
        where 1=1
        and id in (
        <foreach collection="ids" item="id" separator=",">
            #{id}
        </foreach>
        )
    </update>
</mapper>