<?xml version="1.0" encoding="UTF-8"?>
<!DOCTYPE mapper PUBLIC "-//mybatis.org//DTD Mapper 3.0//EN" "http://mybatis.org/dtd/mybatis-3-mapper.dtd">
<mapper namespace="com.jsh.erp.datasource.mappers.MaterialPropertyMapper">
  <resultMap id="BaseResultMap" type="com.jsh.erp.datasource.entities.MaterialProperty">
    <id column="id" jdbcType="BIGINT" property="id" />
    <result column="native_name" jdbcType="VARCHAR" property="nativeName" />
    <result column="enabled" jdbcType="BIT" property="enabled" />
    <result column="sort" jdbcType="VARCHAR" property="sort" />
    <result column="another_name" jdbcType="VARCHAR" property="anotherName" />
    <result column="delete_flag" jdbcType="VARCHAR" property="deleteFlag" />
  </resultMap>
  <sql id="Example_Where_Clause">
    <where>
      <foreach collection="oredCriteria" item="criteria" separator="or">
        <if test="criteria.valid">
          <trim prefix="(" prefixOverrides="and" suffix=")">
            <foreach collection="criteria.criteria" item="criterion">
              <choose>
                <when test="criterion.noValue">
                  and ${criterion.condition}
                </when>
                <when test="criterion.singleValue">
                  and ${criterion.condition} #{criterion.value}
                </when>
                <when test="criterion.betweenValue">
                  and ${criterion.condition} #{criterion.value} and #{criterion.secondValue}
                </when>
                <when test="criterion.listValue">
                  and ${criterion.condition}
                  <foreach close=")" collection="criterion.value" item="listItem" open="(" separator=",">
                    #{listItem}
                  </foreach>
                </when>
              </choose>
            </foreach>
          </trim>
        </if>
      </foreach>
    </where>
  </sql>
  <sql id="Update_By_Example_Where_Clause">
    <where>
      <foreach collection="example.oredCriteria" item="criteria" separator="or">
        <if test="criteria.valid">
          <trim prefix="(" prefixOverrides="and" suffix=")">
            <foreach collection="criteria.criteria" item="criterion">
              <choose>
                <when test="criterion.noValue">
                  and ${criterion.condition}
                </when>
                <when test="criterion.singleValue">
                  and ${criterion.condition} #{criterion.value}
                </when>
                <when test="criterion.betweenValue">
                  and ${criterion.condition} #{criterion.value} and #{criterion.secondValue}
                </when>
                <when test="criterion.listValue">
                  and ${criterion.condition}
                  <foreach close=")" collection="criterion.value" item="listItem" open="(" separator=",">
                    #{listItem}
                  </foreach>
                </when>
              </choose>
            </foreach>
          </trim>
        </if>
      </foreach>
    </where>
  </sql>
  <sql id="Base_Column_List">
    id, native_name, enabled, sort, another_name, delete_flag
  </sql>
  <select id="selectByExample" parameterType="com.jsh.erp.datasource.entities.MaterialPropertyExample" resultMap="BaseResultMap">
    select
    <if test="distinct">
      distinct
    </if>
    <include refid="Base_Column_List" />
    from jsh_material_property
    <if test="_parameter != null">
      <include refid="Example_Where_Clause" />
    </if>
    <if test="orderByClause != null">
      order by ${orderByClause}
    </if>
  </select>
  <select id="selectByPrimaryKey" parameterType="java.lang.Long" resultMap="BaseResultMap">
    select 
    <include refid="Base_Column_List" />
    from jsh_material_property
    where id = #{id,jdbcType=BIGINT}
  </select>
  <delete id="deleteByPrimaryKey" parameterType="java.lang.Long">
    delete from jsh_material_property
    where id = #{id,jdbcType=BIGINT}
  </delete>
  <delete id="deleteByExample" parameterType="com.jsh.erp.datasource.entities.MaterialPropertyExample">
    delete from jsh_material_property
    <if test="_parameter != null">
      <include refid="Example_Where_Clause" />
    </if>
  </delete>
  <insert id="insert" parameterType="com.jsh.erp.datasource.entities.MaterialProperty">
    insert into jsh_material_property (id, native_name, enabled, 
      sort, another_name, delete_flag
      )
    values (#{id,jdbcType=BIGINT}, #{nativeName,jdbcType=VARCHAR}, #{enabled,jdbcType=BIT}, 
      #{sort,jdbcType=VARCHAR}, #{anotherName,jdbcType=VARCHAR}, #{deleteFlag,jdbcType=VARCHAR}
      )
  </insert>
  <insert id="insertSelective" parameterType="com.jsh.erp.datasource.entities.MaterialProperty">
    insert into jsh_material_property
    <trim prefix="(" suffix=")" suffixOverrides=",">
      <if test="id != null">
        id,
      </if>
      <if test="nativeName != null">
        native_name,
      </if>
      <if test="enabled != null">
        enabled,
      </if>
      <if test="sort != null">
        sort,
      </if>
      <if test="anotherName != null">
        another_name,
      </if>
      <if test="deleteFlag != null">
        delete_flag,
      </if>
    </trim>
    <trim prefix="values (" suffix=")" suffixOverrides=",">
      <if test="id != null">
        #{id,jdbcType=BIGINT},
      </if>
      <if test="nativeName != null">
        #{nativeName,jdbcType=VARCHAR},
      </if>
      <if test="enabled != null">
        #{enabled,jdbcType=BIT},
      </if>
      <if test="sort != null">
        #{sort,jdbcType=VARCHAR},
      </if>
      <if test="anotherName != null">
        #{anotherName,jdbcType=VARCHAR},
      </if>
      <if test="deleteFlag != null">
        #{deleteFlag,jdbcType=VARCHAR},
      </if>
    </trim>
  </insert>
  <select id="countByExample" parameterType="com.jsh.erp.datasource.entities.MaterialPropertyExample" resultType="java.lang.Long">
    select count(*) from jsh_material_property
    <if test="_parameter != null">
      <include refid="Example_Where_Clause" />
    </if>
  </select>
  <update id="updateByExampleSelective" parameterType="map">
    update jsh_material_property
    <set>
      <if test="record.id != null">
        id = #{record.id,jdbcType=BIGINT},
      </if>
      <if test="record.nativeName != null">
        native_name = #{record.nativeName,jdbcType=VARCHAR},
      </if>
      <if test="record.enabled != null">
        enabled = #{record.enabled,jdbcType=BIT},
      </if>
      <if test="record.sort != null">
        sort = #{record.sort,jdbcType=VARCHAR},
      </if>
      <if test="record.anotherName != null">
        another_name = #{record.anotherName,jdbcType=VARCHAR},
      </if>
      <if test="record.deleteFlag != null">
        delete_flag = #{record.deleteFlag,jdbcType=VARCHAR},
      </if>
    </set>
    <if test="_parameter != null">
      <include refid="Update_By_Example_Where_Clause" />
    </if>
  </update>
  <update id="updateByExample" parameterType="map">
    update jsh_material_property
    set id = #{record.id,jdbcType=BIGINT},
      native_name = #{record.nativeName,jdbcType=VARCHAR},
      enabled = #{record.enabled,jdbcType=BIT},
      sort = #{record.sort,jdbcType=VARCHAR},
      another_name = #{record.anotherName,jdbcType=VARCHAR},
      delete_flag = #{record.deleteFlag,jdbcType=VARCHAR}
    <if test="_parameter != null">
      <include refid="Update_By_Example_Where_Clause" />
    </if>
  </update>
  <update id="updateByPrimaryKeySelective" parameterType="com.jsh.erp.datasource.entities.MaterialProperty">
    update jsh_material_property
    <set>
      <if test="nativeName != null">
        native_name = #{nativeName,jdbcType=VARCHAR},
      </if>
      <if test="enabled != null">
        enabled = #{enabled,jdbcType=BIT},
      </if>
      <if test="sort != null">
        sort = #{sort,jdbcType=VARCHAR},
      </if>
      <if test="anotherName != null">
        another_name = #{anotherName,jdbcType=VARCHAR},
      </if>
      <if test="deleteFlag != null">
        delete_flag = #{deleteFlag,jdbcType=VARCHAR},
      </if>
    </set>
    where id = #{id,jdbcType=BIGINT}
  </update>
  <update id="updateByPrimaryKey" parameterType="com.jsh.erp.datasource.entities.MaterialProperty">
    update jsh_material_property
    set native_name = #{nativeName,jdbcType=VARCHAR},
      enabled = #{enabled,jdbcType=BIT},
      sort = #{sort,jdbcType=VARCHAR},
      another_name = #{anotherName,jdbcType=VARCHAR},
      delete_flag = #{deleteFlag,jdbcType=VARCHAR}
    where id = #{id,jdbcType=BIGINT}
  </update>
</mapper>