<?xml version="1.0" encoding="UTF-8"?>
<!DOCTYPE mapper PUBLIC "-//mybatis.org//DTD Mapper 3.0//EN" "http://mybatis.org/dtd/mybatis-3-mapper.dtd">
<mapper namespace="com.jsh.erp.datasource.mappers.TenantMapper">
  <resultMap id="BaseResultMap" type="com.jsh.erp.datasource.entities.Tenant">
    <id column="id" jdbcType="BIGINT" property="id" />
    <result column="tenant_id" jdbcType="BIGINT" property="tenantId" />
    <result column="login_name" jdbcType="VARCHAR" property="loginName" />
    <result column="user_num_limit" jdbcType="INTEGER" property="userNumLimit" />
    <result column="bills_num_limit" jdbcType="INTEGER" property="billsNumLimit" />
    <result column="enabled" jdbcType="BIT" property="enabled" />
    <result column="create_time" jdbcType="TIMESTAMP" property="createTime" />
  </resultMap>
  <sql id="Example_Where_Clause">
    <where>
      <foreach collection="oredCriteria" item="criteria" separator="or">
        <if test="criteria.valid">
          <trim prefix="(" prefixOverrides="and" suffix=")">
            <foreach collection="criteria.criteria" item="criterion">
              <choose>
                <when test="criterion.noValue">
                  and ${criterion.condition}
                </when>
                <when test="criterion.singleValue">
                  and ${criterion.condition} #{criterion.value}
                </when>
                <when test="criterion.betweenValue">
                  and ${criterion.condition} #{criterion.value} and #{criterion.secondValue}
                </when>
                <when test="criterion.listValue">
                  and ${criterion.condition}
                  <foreach close=")" collection="criterion.value" item="listItem" open="(" separator=",">
                    #{listItem}
                  </foreach>
                </when>
              </choose>
            </foreach>
          </trim>
        </if>
      </foreach>
    </where>
  </sql>
  <sql id="Update_By_Example_Where_Clause">
    <where>
      <foreach collection="example.oredCriteria" item="criteria" separator="or">
        <if test="criteria.valid">
          <trim prefix="(" prefixOverrides="and" suffix=")">
            <foreach collection="criteria.criteria" item="criterion">
              <choose>
                <when test="criterion.noValue">
                  and ${criterion.condition}
                </when>
                <when test="criterion.singleValue">
                  and ${criterion.condition} #{criterion.value}
                </when>
                <when test="criterion.betweenValue">
                  and ${criterion.condition} #{criterion.value} and #{criterion.secondValue}
                </when>
                <when test="criterion.listValue">
                  and ${criterion.condition}
                  <foreach close=")" collection="criterion.value" item="listItem" open="(" separator=",">
                    #{listItem}
                  </foreach>
                </when>
              </choose>
            </foreach>
          </trim>
        </if>
      </foreach>
    </where>
  </sql>
  <sql id="Base_Column_List">
    id, tenant_id, login_name, user_num_limit, bills_num_limit, enabled, create_time
  </sql>
  <select id="selectByExample" parameterType="com.jsh.erp.datasource.entities.TenantExample" resultMap="BaseResultMap">
    select
    <if test="distinct">
      distinct
    </if>
    <include refid="Base_Column_List" />
    from jsh_tenant
    <if test="_parameter != null">
      <include refid="Example_Where_Clause" />
    </if>
    <if test="orderByClause != null">
      order by ${orderByClause}
    </if>
  </select>
  <select id="selectByPrimaryKey" parameterType="java.lang.Long" resultMap="BaseResultMap">
    select 
    <include refid="Base_Column_List" />
    from jsh_tenant
    where id = #{id,jdbcType=BIGINT}
  </select>
  <delete id="deleteByPrimaryKey" parameterType="java.lang.Long">
    delete from jsh_tenant
    where id = #{id,jdbcType=BIGINT}
  </delete>
  <delete id="deleteByExample" parameterType="com.jsh.erp.datasource.entities.TenantExample">
    delete from jsh_tenant
    <if test="_parameter != null">
      <include refid="Example_Where_Clause" />
    </if>
  </delete>
  <insert id="insert" parameterType="com.jsh.erp.datasource.entities.Tenant">
    insert into jsh_tenant (id, tenant_id, login_name, 
      user_num_limit, bills_num_limit, enabled, 
      create_time)
    values (#{id,jdbcType=BIGINT}, #{tenantId,jdbcType=BIGINT}, #{loginName,jdbcType=VARCHAR}, 
      #{userNumLimit,jdbcType=INTEGER}, #{billsNumLimit,jdbcType=INTEGER}, #{enabled,jdbcType=BIT}, 
      #{createTime,jdbcType=TIMESTAMP})
  </insert>
  <insert id="insertSelective" parameterType="com.jsh.erp.datasource.entities.Tenant">
    insert into jsh_tenant
    <trim prefix="(" suffix=")" suffixOverrides=",">
      <if test="id != null">
        id,
      </if>
      <if test="tenantId != null">
        tenant_id,
      </if>
      <if test="loginName != null">
        login_name,
      </if>
      <if test="userNumLimit != null">
        user_num_limit,
      </if>
      <if test="billsNumLimit != null">
        bills_num_limit,
      </if>
      <if test="enabled != null">
        enabled,
      </if>
      <if test="createTime != null">
        create_time,
      </if>
    </trim>
    <trim prefix="values (" suffix=")" suffixOverrides=",">
      <if test="id != null">
        #{id,jdbcType=BIGINT},
      </if>
      <if test="tenantId != null">
        #{tenantId,jdbcType=BIGINT},
      </if>
      <if test="loginName != null">
        #{loginName,jdbcType=VARCHAR},
      </if>
      <if test="userNumLimit != null">
        #{userNumLimit,jdbcType=INTEGER},
      </if>
      <if test="billsNumLimit != null">
        #{billsNumLimit,jdbcType=INTEGER},
      </if>
      <if test="enabled != null">
        #{enabled,jdbcType=BIT},
      </if>
      <if test="createTime != null">
        #{createTime,jdbcType=TIMESTAMP},
      </if>
    </trim>
  </insert>
  <select id="countByExample" parameterType="com.jsh.erp.datasource.entities.TenantExample" resultType="java.lang.Long">
    select count(*) from jsh_tenant
    <if test="_parameter != null">
      <include refid="Example_Where_Clause" />
    </if>
  </select>
  <update id="updateByExampleSelective" parameterType="map">
    update jsh_tenant
    <set>
      <if test="record.id != null">
        id = #{record.id,jdbcType=BIGINT},
      </if>
      <if test="record.tenantId != null">
        tenant_id = #{record.tenantId,jdbcType=BIGINT},
      </if>
      <if test="record.loginName != null">
        login_name = #{record.loginName,jdbcType=VARCHAR},
      </if>
      <if test="record.userNumLimit != null">
        user_num_limit = #{record.userNumLimit,jdbcType=INTEGER},
      </if>
      <if test="record.billsNumLimit != null">
        bills_num_limit = #{record.billsNumLimit,jdbcType=INTEGER},
      </if>
      <if test="record.enabled != null">
        enabled = #{record.enabled,jdbcType=BIT},
      </if>
      <if test="record.createTime != null">
        create_time = #{record.createTime,jdbcType=TIMESTAMP},
      </if>
    </set>
    <if test="_parameter != null">
      <include refid="Update_By_Example_Where_Clause" />
    </if>
  </update>
  <update id="updateByExample" parameterType="map">
    update jsh_tenant
    set id = #{record.id,jdbcType=BIGINT},
      tenant_id = #{record.tenantId,jdbcType=BIGINT},
      login_name = #{record.loginName,jdbcType=VARCHAR},
      user_num_limit = #{record.userNumLimit,jdbcType=INTEGER},
      bills_num_limit = #{record.billsNumLimit,jdbcType=INTEGER},
      enabled = #{record.enabled,jdbcType=BIT},
      create_time = #{record.createTime,jdbcType=TIMESTAMP}
    <if test="_parameter != null">
      <include refid="Update_By_Example_Where_Clause" />
    </if>
  </update>
  <update id="updateByPrimaryKeySelective" parameterType="com.jsh.erp.datasource.entities.Tenant">
    update jsh_tenant
    <set>
      <if test="tenantId != null">
        tenant_id = #{tenantId,jdbcType=BIGINT},
      </if>
      <if test="loginName != null">
        login_name = #{loginName,jdbcType=VARCHAR},
      </if>
      <if test="userNumLimit != null">
        user_num_limit = #{userNumLimit,jdbcType=INTEGER},
      </if>
      <if test="billsNumLimit != null">
        bills_num_limit = #{billsNumLimit,jdbcType=INTEGER},
      </if>
      <if test="enabled != null">
        enabled = #{enabled,jdbcType=BIT},
      </if>
      <if test="createTime != null">
        create_time = #{createTime,jdbcType=TIMESTAMP},
      </if>
    </set>
    where id = #{id,jdbcType=BIGINT}
  </update>
  <update id="updateByPrimaryKey" parameterType="com.jsh.erp.datasource.entities.Tenant">
    update jsh_tenant
    set tenant_id = #{tenantId,jdbcType=BIGINT},
      login_name = #{loginName,jdbcType=VARCHAR},
      user_num_limit = #{userNumLimit,jdbcType=INTEGER},
      bills_num_limit = #{billsNumLimit,jdbcType=INTEGER},
      enabled = #{enabled,jdbcType=BIT},
      create_time = #{createTime,jdbcType=TIMESTAMP}
    where id = #{id,jdbcType=BIGINT}
  </update>
</mapper>